WellBore Name,Oil Production (stb/day),Gas Volume (scf/day),Water Production (stb/day)
001-F-1 C,329948.661649704,233728579.5546875,0.0
001-F-11,2116896.2194137573,1667330450.0,0.0
001-F-12,354414.98808288574,252668347.6796875,0.0
001-F-14,547020.5921173096,420109883.7265625,0.0
001-F-15 D,225628.7143177986,151818345.97680664,0.0
