WellBore Name,Oil Production (stb/day),Gas Volume (scf/day),Water Production (stb/day)
001-F-1 C,329948.661649704,183999979.359375,0.0
001-F-11,2116896.2194137573,1599708003.625,0.0
001-F-12,354414.98808288574,180776200.57836914,0.0
001-F-14,547020.5921173096,327083138.6015625,0.0
001-F-15 D,225628.7143177986,94357617.13330078,0.0
