WellBore Name,Oil Production (stb/day),Gas Volume (scf/day),Water Production (stb/day)
001-F-1 C,340952.44347541,246657654.07817,419362.7075896263
001-F-11,2151065.21367459,1702776080.875,3998442.2282333374
001-F-12,364857.4645962,263432108.85158,11073104.422363281
001-F-14,564530.78342553,440438938.71878,8027352.761947632
001-F-15 D,230265.22545804,150216928.9848096,455991.3410921097
